scenario,batch_size,prompt_len,gen_len,use_cache,ttft_ms,avg_tpot_ms,p50_tpot_ms,p95_tpot_ms,total_latency_ms,tokens_per_second,aggregate_throughput,kv_cache_mb,process_memory_mb
kv_cache_enabled,1,32,16,True,7.588,5.156,4.445,9.838,85.847,186.38,186.38,0.0703,248.56
kv_cache_disabled,1,32,16,False,4.724,8.225,9.183,13.337,128.835,124.19,124.19,0.0,250.75
kv_cache_enabled,1,32,32,True,2.844,3.349,2.339,6.722,107.707,297.1,297.1,0.0938,249.52
kv_cache_disabled,1,32,32,False,29.09,6.093,5.343,10.401,219.285,145.93,145.93,0.0,252.04
kv_cache_enabled,1,32,64,True,3.629,4.276,2.874,8.128,275.094,232.65,232.65,0.1406,248.91
kv_cache_disabled,1,32,64,False,3.841,5.149,4.66,9.847,330.23,193.8,193.8,0.0,253.03
batch_scaling,1,32,32,True,4.109,2.961,2.949,4.797,96.983,329.95,329.95,0.0,249.58
batch_scaling,2,32,32,True,5.013,2.66,2.445,3.691,88.445,361.81,723.62,0.0,250.04
batch_scaling,4,32,32,True,5.794,3.27,3.288,4.82,108.32,295.42,1181.68,0.0,252.08
precision_fp32,1,32,32,True,4.184,3.545,3.545,3.545,115.252,277.65,277.65,0.0,2.82
precision_int8,1,32,32,True,5.432,5.786,5.786,5.786,186.052,171.99,171.99,0.0,1.14
speculative_baseline_target,1,16,32,False,9.329,7.41,7.41,7.41,240.262,133.19,133.19,0.0,0.0
speculative_decoding_gamma3,1,16,32,False,0.0,0.0,0.0,0.0,866.041,36.95,36.95,0.0,0.0
engine_pytorch_cpu,1,32,0,False,7.243,7.243,7.243,24.917,7.243,0.0,0.0,0.0,0.0
engine_onnxruntime_cpu,1,32,0,False,1.267,1.267,1.267,4.031,1.267,0.0,0.0,0.0,0.0
